cores,run_time,cpu_time,max_mem
1,13931.10563,27947.75,2750
2,7132.108069,21462.17,4574
4,3730.817342,18726.22,7040
8,3088.950547,27912.08,12838
16,2195.88329,37533.25,23557
24,1439.650,36314.45,31948
48,891.110,44354.00,22361
72,636.5239592,47657.46,47943
